fid,NIC,CT,Circuito,kW INSTALA,kWp INSTAL,X1,Y1,TECH,DSSName,KVA,CURVE1,CURVE2,LV_GROUP,CARGAS_BT_,CARGAS_B_1
49,5348992,171607,VOLG101,0,7.56,19.44367,-70.66952,PV,,6.873,Irr.txt,TEMPPV.txt,0,324735,2150770
2,2223598,171607,VOLG101,0,5.2,19.44298,-70.66924,PV,,4.727,Irr.txt,TEMPPV.txt,0,324764,2150693
195,8196651,171607,VOLG101,0,5.2,19.44298,-70.66924,PV,,4.727,Irr.txt,TEMPPV.txt,0,324764,2150693
25,5079635,171607,VOLG101,0,10.24,19.4431,-70.66904,PV,,9.309,Irr.txt,TEMPPV.txt,0,324784,2150707
162,8071037,171618,VOLG101,4,4.05,19.44616,-70.66891,PV,,3.682,Irr.txt,TEMPPV.txt,0,324801,2151045
37,5253880,171619,VOLG101,7,5.025,19.44659,-70.66889,PV,,4.568,Irr.txt,TEMPPV.txt,0,324804,2151093
84,6144731,171634,VOLG101,23.1,24.99,19.45009,-70.66892,PV,,22.718,Irr.txt,TEMPPV.txt,0,324805,2151480
23,4683612,171608,VOLG101,5,5.07,19.44366,-70.66879,PV,,4.609,Irr.txt,TEMPPV.txt,0,324811,2150768
1,2206955,215693,VOLG101,6,6.37,19.44288,-70.66861,PV,,5.791,Irr.txt,TEMPPV.txt,0,324829,2150681
283,8532500,162359,VOLG101,5,3.96,19.44785,-70.66837,PV,,3.6,Irr.txt,TEMPPV.txt,0,324860,2151231
106,6268460,102926,VOLG101,0,10.53,19.45253,-70.66836,PV,,9.573,Irr.txt,TEMPPV.txt,0,324866,2151750
207,8256837,161157,VOLG101,0,10.89,19.44607,-70.6683,PV,,9.9,Irr.txt,TEMPPV.txt,0,324866,2151034
29,5138012,195012,VOLG101,4.5,5.4,19.44388,-70.6682,PV,,4.909,Irr.txt,TEMPPV.txt,0,324874,2150792
297,8605873,226888,VOLG101,0,23.76,19.4424,-70.66818,PV,,21.6,Irr.txt,TEMPPV.txt,0,324874,2150628
4,2223634,162360,VOLG101,4.5,5.34,19.44675,-70.66807,PV,,4.855,Irr.txt,TEMPPV.txt,0,324890,2151110
3,2223633,162360,VOLG101,0,6.27,19.44686,-70.66804,PV,,5.7,Irr.txt,TEMPPV.txt,0,324894,2151122
42,5295220,171614,VOLG101,0,10.89,19.44622,-70.66769,PV,,9.9,Irr.txt,TEMPPV.txt,0,324930,2151050
219,8367926,149637,VOLG101,0,12.48,19.44493,-70.66746,PV,,11.345,Irr.txt,TEMPPV.txt,0,324952,2150907
220,8372057,226888,VOLG101,0,15.18,19.44239,-70.66742,PV,,13.8,Irr.txt,TEMPPV.txt,0,324954,2150626
234,8396595,215688,VOLG101,3.8,4.355,19.45052,-70.66683,PV,,3.959,Irr.txt,TEMPPV.txt,0,325025,2151525
275,8508873,149807,VOLG101,0,4.74,19.44378,-70.66641,PV,,4.309,Irr.txt,TEMPPV.txt,0,325061,2150779
160,8067082,171611,VOLG101,0,23.1,19.44524,-70.66636,PV,,21,Irr.txt,TEMPPV.txt,0,325068,2150940
285,8543140,171611,VOLG101,0,24.75,19.44516,-70.66611,PV,,22.5,Irr.txt,TEMPPV.txt,0,325094,2150931
191,8168920,102988,VOLG101,11.5,13.775,19.45268,-70.66611,PV,,12.523,Irr.txt,TEMPPV.txt,0,325103,2151764
353,8840057,188697,VOLG101,6,9,19.44366,-70.66576,PV,,8.182,Irr.txt,TEMPPV.txt,0,325130,2150765
210,8262372,153433,VOLG101,7.7,8.91,19.45123,-70.66561,PV,,8.1,Irr.txt,TEMPPV.txt,0,325153,2151603
214,8316435,165657,VOLG101,7,7.38,19.4559,-70.66511,PV,,6.709,Irr.txt,TEMPPV.txt,0,325211,2152119
318,8683076,165657,VOLG101,12,13.53,19.4559,-70.66511,PV,,12.3,Irr.txt,TEMPPV.txt,0,325211,2152119
46,5319848,215681,VOLG101,0,9,19.45219,-70.66506,PV,,8.182,Irr.txt,TEMPPV.txt,0,325212,2151709
145,6601338,171645,VOLG101,2,2.68,19.45278,-70.66452,PV,,2.436,Irr.txt,TEMPPV.txt,0,325270,2151773
194,8191158,213904,VOLG101,0,5.88,19.45061,-70.66404,PV,,5.345,Irr.txt,TEMPPV.txt,0,325318,2151533
28,5117130,171623,VOLG101,0,5.28,19.44565,-70.6639,PV,,4.8,Irr.txt,TEMPPV.txt,0,325327,2150984
73,6118782,215687,VOLG101,0,7.56,19.4508,-70.66377,PV,,6.873,Irr.txt,TEMPPV.txt,0,325346,2151553
332,8720916,212668,VOLG101,5.46,5,19.44516,-70.66333,PV,,4.545,Irr.txt,TEMPPV.txt,0,325386,2150929
200,8212463,215685,VOLG101,5,4.8,19.45017,-70.66336,PV,,4.364,Irr.txt,TEMPPV.txt,0,325388,2151483
139,6566170,103256,VOLG101,3.6,5.28,19.44903,-70.66331,PV,,4.8,Irr.txt,TEMPPV.txt,0,325393,2151357
203,8233870,215686,VOLG101,0,6.27,19.45063,-70.66275,PV,,5.7,Irr.txt,TEMPPV.txt,0,325453,2151533
281,8525232,153424,VOLG101,0,6.68,19.44808,-70.66216,PV,,6.073,Irr.txt,TEMPPV.txt,0,325512,2151251
204,8242286,153424,VOLG101,0,5.37,19.44764,-70.66215,PV,,4.882,Irr.txt,TEMPPV.txt,0,325513,2151202
319,8683930,163631,VOLG101,6,6.5,19.44449,-70.66204,PV,,5.909,Irr.txt,TEMPPV.txt,0,325521,2150853
217,8329658,153428,VOLG101,21.4,24.3,19.44746,-70.66168,PV,,22.091,Irr.txt,TEMPPV.txt,0,325562,2151182
206,8254768,153423,VOLG101,0,9.18,19.44821,-70.66158,PV,,8.345,Irr.txt,TEMPPV.txt,0,325573,2151264
190,8162753,153423,VOLG101,9.8,10.925,19.44849,-70.66142,PV,,9.932,Irr.txt,TEMPPV.txt,0,325591,2151295
188,8161796,153429,VOLG101,0,10.14,19.44695,-70.66132,PV,,9.218,Irr.txt,TEMPPV.txt,0,325599,2151125
120,6348358,153429,VOLG101,16,18.88,19.44728,-70.66075,PV,,17.164,Irr.txt,TEMPPV.txt,0,325659,2151161
267,8490994,153430,VOLG101,0,11.7,19.44674,-70.66033,PV,,10.636,Irr.txt,TEMPPV.txt,0,325703,2151100
180,8150939,153430,VOLG101,0,19.17,19.44682,-70.66027,PV,,17.427,Irr.txt,TEMPPV.txt,0,325709,2151109
223,8377300,153404,VOLG101,0,10,19.44846,-70.66007,PV,,9.091,Irr.txt,TEMPPV.txt,0,325732,2151291
158,8057509,172731,VOLG101,6.93,7,19.44995,-70.65998,PV,,6.364,Irr.txt,TEMPPV.txt,0,325743,2151456
71,6101073,153405,VOLG101,18.095,18,19.44825,-70.65983,PV,,16.364,Irr.txt,TEMPPV.txt,0,325757,2151267
181,8150942,153405,VOLG101,0,9.95,19.44833,-70.65979,PV,,9.045,Irr.txt,TEMPPV.txt,0,325761,2151276
163,8071330,153431,VOLG101,0,6.93,19.4466,-70.65973,PV,,6.3,Irr.txt,TEMPPV.txt,0,325766,2151084
305,8636254,153405,VOLG101,0,10.14,19.44804,-70.65973,PV,,9.218,Irr.txt,TEMPPV.txt,0,325767,2151244
174,8111945,153404,VOLG101,0,11.47,19.4498,-70.65958,PV,,10.427,Irr.txt,TEMPPV.txt,0,325785,2151438
177,8130329,153405,VOLG101,0,12.1,19.44818,-70.65949,PV,,11,Irr.txt,TEMPPV.txt,0,325793,2151259
240,8417930,153431,VOLG101,0,3.9,19.44648,-70.65935,PV,,3.545,Irr.txt,TEMPPV.txt,0,325806,2151071
216,8319826,153404,VOLG101,17,19.035,19.44996,-70.65933,PV,,17.305,Irr.txt,TEMPPV.txt,0,325811,2151456
202,8231456,153431,VOLG101,0,8.745,19.4464,-70.65901,PV,,7.95,Irr.txt,TEMPPV.txt,0,325841,2151061
339,8768102,153406,VOLG101,0,20.08,19.44981,-70.65901,PV,,18.255,Irr.txt,TEMPPV.txt,0,325845,2151439
117,6327061,203712,VOLG101,5,6.305,19.45123,-70.65886,PV,,5.732,Irr.txt,TEMPPV.txt,0,325862,2151596
100,6229193,153431,VOLG101,0,14.4,19.44634,-70.65877,PV,,13.091,Irr.txt,TEMPPV.txt,0,325866,2151054
176,8115811,153432,VOLG101,0,11.76,19.44642,-70.65853,PV,,10.691,Irr.txt,TEMPPV.txt,0,325892,2151063
265,8470999,153432,VOLG101,0,10.23,19.4467,-70.65851,PV,,9.3,Irr.txt,TEMPPV.txt,0,325894,2151094
347,8795645,153415,VOLG101,0,10,19.44648,-70.65752,PV,,9.091,Irr.txt,TEMPPV.txt,0,325998,2151069
254,8431642,153411,VOLG101,0,8.08,19.44685,-70.65747,PV,,7.345,Irr.txt,TEMPPV.txt,0,326003,2151110
257,8442689,153417,VOLG101,15.99,14,19.44586,-70.65742,PV,,12.727,Irr.txt,TEMPPV.txt,0,326008,2151000
386,8969549,153409,VOLG101,0,8.745,19.44801,-70.65738,PV,,7.95,Irr.txt,TEMPPV.txt,0,326014,2151238
268,8491382,153409,VOLG101,0,6.63,19.44795,-70.65717,PV,,6.027,Irr.txt,TEMPPV.txt,0,326036,2151231
197,8199180,212357,VOLG101,0,10.54,19.45253,-70.65709,PV,,9.582,Irr.txt,TEMPPV.txt,0,326049,2151738
81,6136822,153413,VOLG101,0,15.18,19.44639,-70.657,PV,,13.8,Irr.txt,TEMPPV.txt,0,326052,2151058
296,8596090,153414,VOLG101,0,5,19.44595,-70.65685,PV,,4.545,Irr.txt,TEMPPV.txt,0,326067,2151009
295,8596062,153414,VOLG101,0,10,19.44615,-70.65676,PV,,9.091,Irr.txt,TEMPPV.txt,0,326077,2151031
309,8659501,153408,VOLG101,17,10.53,19.4492,-70.65666,PV,,9.573,Irr.txt,TEMPPV.txt,0,326091,2151369
114,6312768,144902,VOLG101,16,16.965,19.45101,-70.65574,PV,,15.423,Irr.txt,TEMPPV.txt,0,326189,2151568
274,8508480,144902,VOLG101,40,46.545,19.45107,-70.65572,PV,,42.314,Irr.txt,TEMPPV.txt,0,326192,2151575
57,6026810,152342,VOLG101,0,7.15,19.45155,-70.65563,PV,,6.5,Irr.txt,TEMPPV.txt,0,326202,2151628
90,6186885,169105,VOLG101,0,5.84,19.44385,-70.6554,PV,,5.309,Irr.txt,TEMPPV.txt,0,326218,2150776
280,8520510,144903,VOLG101,0,12.58,19.45079,-70.65518,PV,,11.436,Irr.txt,TEMPPV.txt,0,326248,2151544
132,6487320,152400,VOLG101,14.725,14,19.45293,-70.65507,PV,,12.727,Irr.txt,TEMPPV.txt,0,326262,2151780
273,8508369,144903,VOLG101,0,10.075,19.45115,-70.65497,PV,,9.159,Irr.txt,TEMPPV.txt,0,326271,2151583
330,8707191,153988,VOLG101,0,8.58,19.45146,-70.65496,PV,,7.8,Irr.txt,TEMPPV.txt,0,326272,2151618
271,8507398,153988,VOLG101,19,20.855,19.45129,-70.65492,PV,,18.959,Irr.txt,TEMPPV.txt,0,326276,2151599
387,8969822,153987,VOLG101,0,15.12,19.45212,-70.65485,PV,,13.745,Irr.txt,TEMPPV.txt,0,326284,2151690
328,8697514,152421,VOLG101,0,11.7,19.45159,-70.65482,PV,,10.636,Irr.txt,TEMPPV.txt,0,326287,2151632
143,6592583,172651,VOLG101,12,13.43,19.45287,-70.65389,PV,,12.209,Irr.txt,TEMPPV.txt,0,326386,2151772
141,6578155,224016,VOLG101,10,9.79,19.45443,-70.65337,PV,,8.9,Irr.txt,TEMPPV.txt,0,326442,2151945
38,5267274,212353,VOLG101,0,8.395,19.45256,-70.65324,PV,,7.632,Irr.txt,TEMPPV.txt,0,326454,2151737
47,5331890,149651,VOLG101,0,7.28,19.44302,-70.65305,PV,,6.618,Irr.txt,TEMPPV.txt,0,326463,2150681
392,8979056,164104,VOLG101,0,6.76,19.4508,-70.65299,PV,,6.145,Irr.txt,TEMPPV.txt,0,326478,2151542
349,8810149,153976,VOLG101,5,4.95,19.44179,-70.65279,PV,,4.5,Irr.txt,TEMPPV.txt,0,326489,2150545
142,6578182,224016,VOLG101,12,13.2,19.45421,-70.65289,PV,,12,Irr.txt,TEMPPV.txt,0,326492,2151920
59,6035146,152629,VOLG101,0,10.89,19.44279,-70.65253,PV,,9.9,Irr.txt,TEMPPV.txt,0,326518,2150655
151,6703440,224016,VOLG101,7.2,6,19.45435,-70.65262,PV,,5.455,Irr.txt,TEMPPV.txt,0,326521,2151935
251,8427548,164105,VOLG101,0,4.69,19.44375,-70.65251,PV,,4.264,Irr.txt,TEMPPV.txt,0,326521,2150762
323,8693937,164105,VOLG101,0,5.83,19.44375,-70.65251,PV,,5.3,Irr.txt,TEMPPV.txt,0,326521,2150762
286,8549228,153447,VOLG101,0,5.5,19.45129,-70.65245,PV,,5,Irr.txt,TEMPPV.txt,0,326535,2151596
40,5290369,153977,VOLG101,0,6.76,19.44147,-70.65234,PV,,6.145,Irr.txt,TEMPPV.txt,0,326536,2150509
266,8475955,153446,VOLG101,7.7,9.215,19.45116,-70.65243,PV,,8.377,Irr.txt,TEMPPV.txt,0,326537,2151582
264,8468717,153447,VOLG101,0,6.08,19.45155,-70.65238,PV,,5.527,Irr.txt,TEMPPV.txt,0,326543,2151625
244,8423317,153446,VOLG101,0,9.3,19.45136,-70.65237,PV,,8.455,Irr.txt,TEMPPV.txt,0,326544,2151604
85,6146861,153446,VOLG101,13.41,12,19.45148,-70.65233,PV,,10.909,Irr.txt,TEMPPV.txt,0,326548,2151617
150,6686828,224016,VOLG101,9.36,10,19.45431,-70.65234,PV,,9.091,Irr.txt,TEMPPV.txt,0,326550,2151930
253,8430107,153446,VOLG101,0,3.06,19.45156,-70.65231,PV,,2.782,Irr.txt,TEMPPV.txt,0,326550,2151626
260,8449209,153446,VOLG101,0,5.72,19.45164,-70.65228,PV,,5.2,Irr.txt,TEMPPV.txt,0,326554,2151635
147,6633837,212353,VOLG101,12,15.2,19.45332,-70.65221,PV,,13.818,Irr.txt,TEMPPV.txt,0,326563,2151821
140,6578144,224016,VOLG101,10,7.315,19.45427,-70.65218,PV,,6.65,Irr.txt,TEMPPV.txt,0,326567,2151926
209,8261411,149651,VOLG101,7,6.44,19.44264,-70.65205,PV,,5.855,Irr.txt,TEMPPV.txt,0,326568,2150638
289,8567244,153446,VOLG101,0,8.46,19.45162,-70.65193,PV,,7.691,Irr.txt,TEMPPV.txt,0,326590,2151632
270,8503136,153978,VOLG101,6,6.48,19.44117,-70.65181,PV,,5.891,Irr.txt,TEMPPV.txt,0,326592,2150475
99,6225441,220672,VOLG101,5,4.83,19.4544,-70.65192,PV,,4.391,Irr.txt,TEMPPV.txt,0,326594,2151940
135,6516069,220672,VOLG101,4.6,4.5,19.4544,-70.65192,PV,,4.091,Irr.txt,TEMPPV.txt,0,326594,2151940
248,8424490,152340,VOLG101,0,4.5,19.45097,-70.65189,PV,,4.091,Irr.txt,TEMPPV.txt,0,326594,2151560
245,8424146,152341,VOLG101,0,45.04,19.45085,-70.65188,PV,,40.945,Irr.txt,TEMPPV.txt,0,326595,2151547
338,8756823,152340,VOLG101,0,9.23,19.45118,-70.65181,PV,,8.391,Irr.txt,TEMPPV.txt,0,326602,2151583
242,8420318,153444,VOLG101,0,11.16,19.45143,-70.65174,PV,,10.145,Irr.txt,TEMPPV.txt,0,326610,2151611
247,8424316,153444,VOLG101,0,7.02,19.45131,-70.6517,PV,,6.382,Irr.txt,TEMPPV.txt,0,326614,2151598
243,8422154,152341,VOLG101,0,12.48,19.45077,-70.65168,PV,,11.345,Irr.txt,TEMPPV.txt,0,326616,2151538
383,8967322,206992,VOLG101,0,32.175,19.44798,-70.65157,PV,,29.25,Irr.txt,TEMPPV.txt,0,326624,2151229
384,8967326,206992,VOLG101,0,13.65,19.44798,-70.65157,PV,,12.409,Irr.txt,TEMPPV.txt,0,326624,2151229
17,4063003,106905,VOLG101,0,20,19.44734,-70.65154,PV,,18.182,Irr.txt,TEMPPV.txt,0,326627,2151158
54,6010260,203522,VOLG101,5,5.46,19.44677,-70.65146,PV,,4.964,Irr.txt,TEMPPV.txt,0,326634,2151095
146,6622385,152632,VOLG101,12.7,14.725,19.45316,-70.65146,PV,,13.386,Irr.txt,TEMPPV.txt,0,326641,2151802
343,8788194,207725,VOLG101,0,41.76,19.4485,-70.65136,PV,,37.964,Irr.txt,TEMPPV.txt,0,326647,2151286
70,6098580,152632,VOLG101,0,7.92,19.45296,-70.65129,PV,,7.2,Irr.txt,TEMPPV.txt,0,326659,2151780
259,8445272,164374,VOLG101,0,9.12,19.45748,-70.65116,PV,,8.291,Irr.txt,TEMPPV.txt,0,326677,2152280
378,8954196,153986,VOLG101,10,13.2,19.44236,-70.65056,PV,,12,Irr.txt,TEMPPV.txt,0,326724,2150606
229,8384297,161712,VOLG101,0,9.78,19.44579,-70.65059,PV,,8.891,Irr.txt,TEMPPV.txt,0,326725,2150985
75,6124587,149748,VOLG101,5,5.53,19.44134,-70.65047,PV,,5.027,Irr.txt,TEMPPV.txt,0,326733,2150493
64,6089171,152395,VOLG101,12.8,12,19.45326,-70.65047,PV,,10.909,Irr.txt,TEMPPV.txt,0,326745,2151812
128,6428217,152395,VOLG101,7.7,8.455,19.45339,-70.65045,PV,,7.686,Irr.txt,TEMPPV.txt,0,326747,2151827
282,8528519,212365,VOLG101,7,7.04,19.44409,-70.65035,PV,,6.4,Irr.txt,TEMPPV.txt,0,326748,2150797
14,2255602,172653,VOLG101,0,8.7,19.45672,-70.65047,PV,,7.909,Irr.txt,TEMPPV.txt,0,326749,2152195
123,6374575,151523,VOLG101,6,6.825,19.45283,-70.65042,PV,,6.205,Irr.txt,TEMPPV.txt,0,326750,2151765
95,6209045,149748,VOLG101,0,6.32,19.44192,-70.6503,PV,,5.745,Irr.txt,TEMPPV.txt,0,326751,2150557
110,6298393,151523,VOLG101,8.2,9.18,19.45268,-70.6504,PV,,8.345,Irr.txt,TEMPPV.txt,0,326752,2151748
230,8384600,162263,VOLG101,5,3.6,19.44472,-70.65025,PV,,3.273,Irr.txt,TEMPPV.txt,0,326759,2150867
169,8093028,149748,VOLG101,0,8.45,19.44232,-70.65022,PV,,7.682,Irr.txt,TEMPPV.txt,0,326760,2150601
127,6421558,153974,VOLG101,6,6.97,19.44282,-70.65009,PV,,6.336,Irr.txt,TEMPPV.txt,0,326774,2150656
173,8109644,106905,VOLG101,8.8,5.98,19.44658,-70.6501,PV,,5.436,Irr.txt,TEMPPV.txt,0,326777,2151072
310,8667306,172653,VOLG101,6.3,7,19.45674,-70.65015,PV,,6.364,Irr.txt,TEMPPV.txt,0,326782,2152197
352,8832214,153955,VOLG101,0,5.94,19.45576,-70.65005,PV,,5.4,Irr.txt,TEMPPV.txt,0,326792,2152089
21,4139531,106905,VOLG101,5,4.16,19.4465,-70.64995,PV,,3.782,Irr.txt,TEMPPV.txt,0,326793,2151064
66,6092058,152397,VOLG101,0,15.18,19.45258,-70.65001,PV,,13.8,Irr.txt,TEMPPV.txt,0,326793,2151736
74,6121710,152397,VOLG101,0,8.82,19.45254,-70.6499,PV,,8.018,Irr.txt,TEMPPV.txt,0,326804,2151732
175,8115046,164372,VOLG101,0,9,19.4551,-70.64989,PV,,8.182,Irr.txt,TEMPPV.txt,0,326808,2152015
211,8275946,153973,VOLG101,0,5.12,19.44034,-70.64971,PV,,4.655,Irr.txt,TEMPPV.txt,0,326811,2150381
89,6179102,152397,VOLG101,0,5.11,19.45261,-70.6498,PV,,4.645,Irr.txt,TEMPPV.txt,0,326815,2151740
293,8583188,106903,VOLG101,0,5.4,19.44586,-70.64968,PV,,4.909,Irr.txt,TEMPPV.txt,0,326820,2150992
63,6086949,151524,VOLG101,23,24.3,19.453,-70.64966,PV,,22.091,Irr.txt,TEMPPV.txt,0,326830,2151783
65,6091977,152397,VOLG101,0,13.32,19.45257,-70.64963,PV,,12.109,Irr.txt,TEMPPV.txt,0,326833,2151735
13,2255501,212362,VOLG101,0,2.65,19.44702,-70.64951,PV,,2.409,Irr.txt,TEMPPV.txt,0,326839,2151121
18,4063074,106905,VOLG101,7.2,7,19.44646,-70.64948,PV,,6.364,Irr.txt,TEMPPV.txt,0,326842,2151059
19,4063553,212362,VOLG101,0,6,19.44708,-70.64944,PV,,5.455,Irr.txt,TEMPPV.txt,0,326847,2151127
357,8860877,152456,VOLG101,0,11.88,19.43885,-70.64897,PV,,10.8,Irr.txt,TEMPPV.txt,0,326887,2150216
68,6096439,151506,VOLG101,0,9.12,19.44001,-70.64895,PV,,8.291,Irr.txt,TEMPPV.txt,0,326891,2150344
56,6024061,151506,VOLG101,0,4.55,19.43997,-70.64885,PV,,4.136,Irr.txt,TEMPPV.txt,0,326901,2150339
356,8859891,153963,VOLG101,0,10.865,19.44094,-70.64885,PV,,9.877,Irr.txt,TEMPPV.txt,0,326902,2150447
331,8713738,153954,VOLG101,0,10.1,19.45672,-70.64894,PV,,9.182,Irr.txt,TEMPPV.txt,0,326910,2152194
82,6138887,153961,VOLG101,0,5.92,19.43833,-70.64873,PV,,5.382,Irr.txt,TEMPPV.txt,0,326912,2150158
341,8781877,153953,VOLG101,0,6.82,19.45608,-70.64879,PV,,6.2,Irr.txt,TEMPPV.txt,0,326925,2152123
336,8735871,153953,VOLG101,0,7.56,19.45632,-70.64873,PV,,6.873,Irr.txt,TEMPPV.txt,0,326931,2152149
58,6029955,153960,VOLG101,0,5.83,19.43817,-70.64843,PV,,5.3,Irr.txt,TEMPPV.txt,0,326943,2150140
334,8733574,152456,VOLG101,0,6.84,19.43993,-70.64844,PV,,6.218,Irr.txt,TEMPPV.txt,0,326944,2150335
101,6235435,216182,VOLG101,16,16.985,19.44735,-70.6482,PV,,15.441,Irr.txt,TEMPPV.txt,0,326977,2151156
372,8939501,153964,VOLG101,0,14.7,19.43885,-70.64811,PV,,13.364,Irr.txt,TEMPPV.txt,0,326978,2150215
364,8872100,153962,VOLG101,0,10.89,19.43828,-70.64768,PV,,9.9,Irr.txt,TEMPPV.txt,0,327022,2150151
205,8243903,212373,VOLG101,0,11.88,19.44958,-70.64759,PV,,10.8,Irr.txt,TEMPPV.txt,0,327044,2151402
362,8871158,153962,VOLG101,0,12.78,19.43828,-70.64746,PV,,11.618,Irr.txt,TEMPPV.txt,0,327045,2150151
134,6507030,153966,VOLG101,12.7,14.4,19.43797,-70.64716,PV,,13.091,Irr.txt,TEMPPV.txt,0,327077,2150116
312,8674745,153967,VOLG101,0,4.56,19.43861,-70.64652,PV,,4.145,Irr.txt,TEMPPV.txt,0,327144,2150187
345,8790875,153967,VOLG101,0,4,19.43861,-70.64652,PV,,3.636,Irr.txt,TEMPPV.txt,0,327144,2150187
304,8629639,172642,VOLG101,13.95,10,19.44647,-70.64644,PV,,9.091,Irr.txt,TEMPPV.txt,0,327161,2151057
20,4075513,207728,VOLG101,0,31.68,19.44873,-70.64593,PV,,28.8,Irr.txt,TEMPPV.txt,0,327217,2151306
360,8868852,207728,VOLG101,13,14.8,19.45055,-70.64485,PV,,13.455,Irr.txt,TEMPPV.txt,0,327332,2151507
358,8861192,209258,VOLG101,0,20.46,19.43229,-70.64427,PV,,18.6,Irr.txt,TEMPPV.txt,0,327374,2149485
320,8687082,209259,VOLG101,8,8.19,19.43356,-70.64248,PV,,7.445,Irr.txt,TEMPPV.txt,0,327563,2149624
189,8162032,212380,VOLG101,9,8.2,19.45033,-70.64154,PV,,7.455,Irr.txt,TEMPPV.txt,0,327680,2151479
27,5116373,205296,VOLG101,0,8.68,19.44079,-70.63859,PV,,7.891,Irr.txt,TEMPPV.txt,0,327980,2150420
335,8734450,212393,VOLG101,7,6.8,19.43859,-70.63855,PV,,6.182,Irr.txt,TEMPPV.txt,0,327984,2150191
16,2255903,205295,VOLG101,5,6.6,19.44101,-70.63542,PV,,6,Irr.txt,TEMPPV.txt,0,328312,2150441
10,2255438,204794,VOLG101,0,5,19.4413,-70.63454,PV,,4.545,Irr.txt,TEMPPV.txt,0,328406,2150481
148,6638889,204794,VOLG101,8,10.375,19.44168,-70.63442,PV,,9.432,Irr.txt,TEMPPV.txt,0,328424,2150512
125,6394236,204793,VOLG101,0,13.2,19.44026,-70.63035,PV,,12,Irr.txt,TEMPPV.txt,0,328844,2150353
113,6312758,215323,VOLG101,11.5,12.95,19.44713,-70.62827,PV,,11.773,Irr.txt,TEMPPV.txt,0,329070,2151112
5,2223646,162360,VOLG101,6,6,19.44656,-70.66823,PV,,5.455,Irr.txt,TEMPPV.txt,0,,
6,2223743,195056,VOLG101,0,42,19.44674,-70.66528,PV,,38.182,Irr.txt,TEMPPV.txt,0,,
7,2223809,163631,VOLG101,0,11.84,19.44462,-70.66193,PV,,10.764,Irr.txt,TEMPPV.txt,0,,
8,2225195,102926,VOLG101,0,3.96,19.4536,-70.6679,PV,,3.6,Irr.txt,TEMPPV.txt,0,,
9,2254789,222465,VOLG101,0,7.92,19.45178,-70.65832,PV,,7.2,Irr.txt,TEMPPV.txt,0,,
11,2255487,212364,VOLG101,0,6.29,19.44694,-70.65196,PV,,5.718,Irr.txt,TEMPPV.txt,0,,
12,2255491,106905,VOLG101,0,7.14,19.44668,-70.65033,PV,,6.491,Irr.txt,TEMPPV.txt,0,,
15,2255874,204797,VOLG101,0,7.5,19.44086,-70.63785,PV,,6.818,Irr.txt,TEMPPV.txt,0,,
22,4641790,215324,VOLG101,15.4,16,19.45178,-70.62764,PV,,14.545,Irr.txt,TEMPPV.txt,0,,
24,5052993,212668,VOLG101,0,5.28,19.4451,-70.66195,PV,,4.8,Irr.txt,TEMPPV.txt,0,,
26,5096541,171620,VOLG101,7,7.82,19.44703,-70.66758,PV,,7.109,Irr.txt,TEMPPV.txt,0,,
30,5148840,228244,VOLG101,0,24.75,19.45008,-70.65473,PV,,22.5,Irr.txt,TEMPPV.txt,0,,
31,5152962,212671,VOLG101,0,240.24,19.4465,-70.66681,PV,,218.4,Irr.txt,TEMPPV.txt,0,,
32,5158048,218749,VOLG101,0,6.84,19.44946,-70.66287,PV,,6.218,Irr.txt,TEMPPV.txt,0,,
33,5161562,164112,VOLG101,0,18.48,19.44809,-70.64996,PV,,16.8,Irr.txt,TEMPPV.txt,0,,
34,5162637,171638,VOLG101,0,5.11,19.4507,-70.66753,PV,,4.645,Irr.txt,TEMPPV.txt,0,,
35,5208712,N30863,VOLG101,0,193.44,19.43837,-70.62609,PV,,175.855,Irr.txt,TEMPPV.txt,0,,
36,5243469,164373,VOLG101,0,6.3,19.45627,-70.65199,PV,,5.727,Irr.txt,TEMPPV.txt,0,,
39,5271517,172727,VOLG101,0,29.12,19.45174,-70.6573,PV,,26.473,Irr.txt,TEMPPV.txt,0,,
41,5292320,153976,VOLG101,5,39.69,19.4414,-70.65271,PV,,36.082,Irr.txt,TEMPPV.txt,0,,
43,5306153,212353,VOLG101,0,7.28,19.4545,-70.65188,PV,,6.618,Irr.txt,TEMPPV.txt,0,,
44,5318122,210198,VOLG101,6,5.655,19.44452,-70.66413,PV,,5.141,Irr.txt,TEMPPV.txt,0,,
45,5318841,215697,VOLG101,10,8.88,19.44503,-70.66183,PV,,8.073,Irr.txt,TEMPPV.txt,0,,
48,5348951,164104,VOLG101,0,20.065,19.45616,-70.65187,PV,,18.241,Irr.txt,TEMPPV.txt,0,,
50,6005632,106908,VOLG101,0,45.57,19.4477,-70.65081,PV,,41.427,Irr.txt,TEMPPV.txt,0,,
51,6005637,195381,VOLG101,0,276.9,19.43584,-70.63393,PV,,251.727,Irr.txt,TEMPPV.txt,0,,
52,6005638,212397,VOLG101,0,133.92,19.43459,-70.63507,PV,,121.745,Irr.txt,TEMPPV.txt,0,,
53,6005639,207396,VOLG101,0,113.6,19.43873,-70.63018,PV,,103.273,Irr.txt,TEMPPV.txt,0,,
55,6011353,151523,VOLG101,0,11.385,19.45272,-70.6505,PV,,10.35,Irr.txt,TEMPPV.txt,0,,
60,6038280,203680,VOLG101,7,7.77,19.45691,-70.6529,PV,,7.064,Irr.txt,TEMPPV.txt,0,,
61,6044821,144903,VOLG101,0,14.84,19.45093,-70.65514,PV,,13.491,Irr.txt,TEMPPV.txt,0,,
62,6079296,153987,VOLG101,0,4.11,19.45212,-70.65485,PV,,3.736,Irr.txt,TEMPPV.txt,0,,
67,6095580,152397,VOLG101,7.7,8.91,19.45261,-70.65012,PV,,8.1,Irr.txt,TEMPPV.txt,0,,
69,6097122,212353,VOLG101,0,8.12,19.45339,-70.65267,PV,,7.382,Irr.txt,TEMPPV.txt,0,,
72,6106786,152395,VOLG101,17.04,15,19.45354,-70.65102,PV,,13.636,Irr.txt,TEMPPV.txt,0,,
76,6130328,151938,VOLG101,25.2,25,19.44736,-70.66118,PV,,22.727,Irr.txt,TEMPPV.txt,0,,
77,6132615,151524,VOLG101,12,10.12,19.45297,-70.64941,PV,,9.2,Irr.txt,TEMPPV.txt,0,,
78,6132618,152633,VOLG101,0,11.385,19.45367,-70.65032,PV,,10.35,Irr.txt,TEMPPV.txt,0,,
79,6132655,151524,VOLG101,0,9.45,19.45316,-70.64978,PV,,8.591,Irr.txt,TEMPPV.txt,0,,
80,6132684,152632,VOLG101,18.2,9,19.45289,-70.65099,PV,,8.182,Irr.txt,TEMPPV.txt,0,,
83,6142110,151523,VOLG101,0,7.125,19.45281,-70.65075,PV,,6.477,Irr.txt,TEMPPV.txt,0,,
86,6157896,152397,VOLG101,11.4,9.54,19.45267,-70.64996,PV,,8.673,Irr.txt,TEMPPV.txt,0,,
87,6161887,161157,VOLG101,0,12.15,19.44617,-70.66835,PV,,11.045,Irr.txt,TEMPPV.txt,0,,
88,6162988,162357,VOLG101,6,6.29,19.44501,-70.664,PV,,5.718,Irr.txt,TEMPPV.txt,0,,
91,6191111,153446,VOLG101,0,9.23,19.45126,-70.65241,PV,,8.391,Irr.txt,TEMPPV.txt,0,,
92,6193651,152395,VOLG101,10,9.345,19.45377,-70.65182,PV,,8.495,Irr.txt,TEMPPV.txt,0,,
93,6200995,152632,VOLG101,0,14.72,19.45285,-70.65087,PV,,13.382,Irr.txt,TEMPPV.txt,0,,
94,6202411,149651,VOLG101,0,10.88,19.44272,-70.65219,PV,,9.891,Irr.txt,TEMPPV.txt,0,,
96,6216413,162360,VOLG101,0,10.4,19.44678,-70.66816,PV,,9.455,Irr.txt,TEMPPV.txt,0,,
97,6221667,153966,VOLG101,0,8.16,19.43811,-70.64715,PV,,7.418,Irr.txt,TEMPPV.txt,0,,
98,6224826,204793,VOLG101,0,22.32,19.4401,-70.63052,PV,,20.291,Irr.txt,TEMPPV.txt,0,,
102,6237585,153974,VOLG101,0,3.63,19.44282,-70.65009,PV,,3.3,Irr.txt,TEMPPV.txt,0,,
103,6240591,152996,VOLG101,16,13.135,19.45225,-70.6553,PV,,11.941,Irr.txt,TEMPPV.txt,0,,
104,6256999,152397,VOLG101,0,8.74,19.45265,-70.65026,PV,,7.945,Irr.txt,TEMPPV.txt,0,,
105,6261931,152397,VOLG101,7,7.29,19.45368,-70.65152,PV,,6.627,Irr.txt,TEMPPV.txt,0,,
107,6283658,228244,VOLG101,0,6.6,19.4506,-70.65654,PV,,6,Irr.txt,TEMPPV.txt,0,,
108,6289167,151512,VOLG101,0,18.36,19.44409,-70.6647,PV,,16.691,Irr.txt,TEMPPV.txt,0,,
109,6290374,152456,VOLG101,7.7,7.98,19.43948,-70.64855,PV,,7.255,Irr.txt,TEMPPV.txt,0,,
111,6301534,204791,VOLG101,103.36,90,19.42936,-70.63548,PV,,81.818,Irr.txt,TEMPPV.txt,0,,
112,6302532,153447,VOLG101,0,9.23,19.45135,-70.65243,PV,,8.391,Irr.txt,TEMPPV.txt,0,,
115,6321178,222465,VOLG101,7,7.92,19.45247,-70.65795,PV,,7.2,Irr.txt,TEMPPV.txt,0,,
116,6326507,152341,VOLG101,7.7,9.25,19.45116,-70.65269,PV,,8.409,Irr.txt,TEMPPV.txt,0,,
118,6340222,153961,VOLG101,7.7,6.09,19.43833,-70.64869,PV,,5.536,Irr.txt,TEMPPV.txt,0,,
119,6343821,153961,VOLG101,8.2,10.235,19.43849,-70.64946,PV,,9.305,Irr.txt,TEMPPV.txt,0,,
121,6359075,151524,VOLG101,8.2,8.14,19.45304,-70.64943,PV,,7.4,Irr.txt,TEMPPV.txt,0,,
122,6362241,153986,VOLG101,11.4,12.16,19.44236,-70.65056,PV,,11.055,Irr.txt,TEMPPV.txt,0,,
124,6378420,149834,VOLG101,7.7,8.91,19.45649,-70.64929,PV,,8.1,Irr.txt,TEMPPV.txt,0,,
126,6404063,103254,VOLG101,480,501.27,19.44874,-70.66618,PV,,455.7,Irr.txt,TEMPPV.txt,0,,
129,6462159,151524,VOLG101,7.6,8.64,19.45294,-70.64952,PV,,7.855,Irr.txt,TEMPPV.txt,0,,
130,6465580,204793,VOLG101,7,6.9,19.44072,-70.62998,PV,,6.273,Irr.txt,TEMPPV.txt,0,,
131,6469873,220672,VOLG101,10,11.31,19.4544,-70.65192,PV,,10.282,Irr.txt,TEMPPV.txt,0,,
133,6488688,220672,VOLG101,12.5,12.015,19.4544,-70.65192,PV,,10.923,Irr.txt,TEMPPV.txt,0,,
136,6533907,212353,VOLG101,12.5,13.795,19.4544,-70.65192,PV,,12.541,Irr.txt,TEMPPV.txt,0,,
137,6538052,221620,VOLG101,420,484,19.44904,-70.65273,PV,,440,Irr.txt,TEMPPV.txt,0,,
138,6560684,224016,VOLG101,17.2,15.64,19.45417,-70.65257,PV,,14.218,Irr.txt,TEMPPV.txt,0,,
144,6595909,172724,VOLG101,7,7.6,19.44502,-70.66415,PV,,6.909,Irr.txt,TEMPPV.txt,0,,
149,6661606,212398,VOLG101,100,111.15,19.43519,-70.63442,PV,,101.045,Irr.txt,TEMPPV.txt,0,,
152,6705337,152400,VOLG101,18,22,19.45293,-70.65507,PV,,20,Irr.txt,TEMPPV.txt,0,,
153,6737595,228683,VOLG101,7.7,8.03,19.44836,-70.66385,PV,,7.3,Irr.txt,TEMPPV.txt,0,,
154,6748812,228683,VOLG101,7.7,8.03,19.44869,-70.66372,PV,,7.3,Irr.txt,TEMPPV.txt,0,,
155,8000224,153980,VOLG101,0,7.6,19.44153,-70.65324,PV,,6.909,Irr.txt,TEMPPV.txt,0,,
156,8014701,164375,VOLG101,0,69.12,19.454,-70.65637,PV,,62.836,Irr.txt,TEMPPV.txt,0,,
157,8053056,172734,VOLG101,0,62.13,19.44446,-70.66765,PV,,56.482,Irr.txt,TEMPPV.txt,0,,
159,8063541,204797,VOLG101,0,6.4,19.4401,-70.63776,PV,,5.818,Irr.txt,TEMPPV.txt,0,,
161,8067718,194667,VOLG101,7,7.26,19.45742,-70.65241,PV,,6.6,Irr.txt,TEMPPV.txt,0,,
164,8074846,164369,VOLG101,7.29,7,19.43629,-70.6383,PV,,6.364,Irr.txt,TEMPPV.txt,0,,
165,8077197,153423,VOLG101,0,8.16,19.44831,-70.66147,PV,,7.418,Irr.txt,TEMPPV.txt,0,,
166,8079766,153985,VOLG101,0,11.73,19.44202,-70.65089,PV,,10.664,Irr.txt,TEMPPV.txt,0,,
167,8083284,215684,VOLG101,0,8.58,19.45204,-70.66457,PV,,7.8,Irr.txt,TEMPPV.txt,0,,
168,8086093,215692,VOLG101,0,18.46,19.44815,-70.6665,PV,,16.782,Irr.txt,TEMPPV.txt,0,,
170,8098180,212668,VOLG101,0,6.46,19.44511,-70.66322,PV,,5.873,Irr.txt,TEMPPV.txt,0,,
171,8104041,172655,VOLG101,0,10.26,19.45484,-70.64986,PV,,9.327,Irr.txt,TEMPPV.txt,0,,
172,8105158,164372,VOLG101,0,8.25,19.45514,-70.6498,PV,,7.5,Irr.txt,TEMPPV.txt,0,,
178,8141505,212353,VOLG101,9,10.2,19.45274,-70.65391,PV,,9.273,Irr.txt,TEMPPV.txt,0,,
179,8148892,153405,VOLG101,0,19.88,19.44754,-70.66002,PV,,18.073,Irr.txt,TEMPPV.txt,0,,
182,8150946,153406,VOLG101,0,16.74,19.44987,-70.65948,PV,,15.218,Irr.txt,TEMPPV.txt,0,,
183,8151821,103256,VOLG101,0,7.92,19.44891,-70.66326,PV,,7.2,Irr.txt,TEMPPV.txt,0,,
184,8157045,153978,VOLG101,0,5,19.44067,-70.65163,PV,,4.545,Irr.txt,TEMPPV.txt,0,,
185,8157493,172647,VOLG101,0,448.12,19.44924,-70.65276,PV,,407.382,Irr.txt,TEMPPV.txt,0,,
186,8159466,153427,VOLG101,0,14.1,19.44701,-70.66244,PV,,12.818,Irr.txt,TEMPPV.txt,0,,
187,8161326,153974,VOLG101,0,15.84,19.44343,-70.64993,PV,,14.4,Irr.txt,TEMPPV.txt,0,,
192,8171103,153403,VOLG101,0,7.65,19.44774,-70.66033,PV,,6.955,Irr.txt,TEMPPV.txt,0,,
193,8181416,215696,VOLG101,0,6.5,19.44711,-70.66282,PV,,5.909,Irr.txt,TEMPPV.txt,0,,
196,8197471,215697,VOLG101,0,2.115,19.44503,-70.66183,PV,,1.923,Irr.txt,TEMPPV.txt,0,,
198,8205987,153249,VOLG101,0,4.32,19.45447,-70.66753,PV,,3.927,Irr.txt,TEMPPV.txt,0,,
199,8209459,213904,VOLG101,0,7.15,19.45025,-70.6641,PV,,6.5,Irr.txt,TEMPPV.txt,0,,
201,8217169,212961,VOLG101,0,11.52,19.45403,-70.66428,PV,,10.473,Irr.txt,TEMPPV.txt,0,,
208,8260701,215451,VOLG101,0,12.21,19.44692,-70.66665,PV,,11.1,Irr.txt,TEMPPV.txt,0,,
212,8283987,172654,VOLG101,0,13.845,19.45546,-70.65132,PV,,12.586,Irr.txt,TEMPPV.txt,0,,
213,8310514,164105,VOLG101,0,7.56,19.44375,-70.65251,PV,,6.873,Irr.txt,TEMPPV.txt,0,,
215,8317433,165607,VOLG101,849.045,682,19.44189,-70.67086,PV,,620,Irr.txt,TEMPPV.txt,0,,
218,8345531,164104,VOLG101,10,4.5,19.45096,-70.65327,PV,,4.091,Irr.txt,TEMPPV.txt,0,,
221,8373410,172729,VOLG101,0,27,19.45088,-70.65664,PV,,24.545,Irr.txt,TEMPPV.txt,0,,
222,8374042,162061,VOLG101,21,39.7,19.43893,-70.62945,PV,,36.091,Irr.txt,TEMPPV.txt,0,,
224,8377449,222465,VOLG101,0,12.24,19.4529,-70.65785,PV,,11.127,Irr.txt,TEMPPV.txt,0,,
225,8378167,215697,VOLG101,4,3.56,19.44503,-70.66183,PV,,3.236,Irr.txt,TEMPPV.txt,0,,
226,8378310,212961,VOLG101,33,30.875,19.45393,-70.66396,PV,,28.068,Irr.txt,TEMPPV.txt,0,,
227,8380867,153984,VOLG101,0,11.16,19.44235,-70.65143,PV,,10.145,Irr.txt,TEMPPV.txt,0,,
228,8381771,212668,VOLG101,0,6.36,19.445,-70.66273,PV,,5.782,Irr.txt,TEMPPV.txt,0,,
231,8389894,162359,VOLG101,5,6.03,19.44795,-70.66836,PV,,5.482,Irr.txt,TEMPPV.txt,0,,
232,8394067,153976,VOLG101,0,8.14,19.44232,-70.65271,PV,,7.4,Irr.txt,TEMPPV.txt,0,,
233,8396516,153979,VOLG101,0,8.1,19.44087,-70.6531,PV,,7.364,Irr.txt,TEMPPV.txt,0,,
235,8397083,164373,VOLG101,0,10.92,19.45622,-70.65206,PV,,9.927,Irr.txt,TEMPPV.txt,0,,
236,8400529,164844,VOLG101,0,281.25,19.45428,-70.66539,PV,,255.682,Irr.txt,TEMPPV.txt,0,,
237,8403283,171613,VOLG101,0,14,19.44623,-70.66716,PV,,12.727,Irr.txt,TEMPPV.txt,0,,
238,8406314,165139,VOLG101,0,5.5,19.44926,-70.65012,PV,,5,Irr.txt,TEMPPV.txt,0,,
239,8417850,164372,VOLG101,0,10.89,19.45498,-70.64939,PV,,9.9,Irr.txt,TEMPPV.txt,0,,
241,8419003,164372,VOLG101,10,10.5,19.4552,-70.65005,PV,,9.545,Irr.txt,TEMPPV.txt,0,,
246,8424261,152340,VOLG101,7,7.695,19.45102,-70.65178,PV,,6.995,Irr.txt,TEMPPV.txt,0,,
249,8425290,153418,VOLG101,0,22.78,19.44721,-70.65842,PV,,20.709,Irr.txt,TEMPPV.txt,0,,
250,8426172,152340,VOLG101,0,6.82,19.45105,-70.65185,PV,,6.2,Irr.txt,TEMPPV.txt,0,,
252,8429747,149870,VOLG101,0,21.45,19.44669,-70.65745,PV,,19.5,Irr.txt,TEMPPV.txt,0,,
255,8433425,152341,VOLG101,0,10.14,19.45109,-70.6525,PV,,9.218,Irr.txt,TEMPPV.txt,0,,
256,8434975,153445,VOLG101,0,6,19.45171,-70.6522,PV,,5.455,Irr.txt,TEMPPV.txt,0,,
258,8444071,153415,VOLG101,14,14.175,19.44632,-70.65766,PV,,12.886,Irr.txt,TEMPPV.txt,0,,
261,8450317,152340,VOLG101,10,4.59,19.45095,-70.6518,PV,,4.173,Irr.txt,TEMPPV.txt,0,,
262,8455166,204794,VOLG101,0,11.85,19.44224,-70.63536,PV,,10.773,Irr.txt,TEMPPV.txt,0,,
263,8463077,163631,VOLG101,0,5.28,19.44497,-70.66222,PV,,4.8,Irr.txt,TEMPPV.txt,0,,
269,8493850,153979,VOLG101,4.8,4.785,19.44064,-70.65274,PV,,4.35,Irr.txt,TEMPPV.txt,0,,
272,8507595,153988,VOLG101,0,11.88,19.4513,-70.65502,PV,,10.8,Irr.txt,TEMPPV.txt,0,,
276,8509240,153978,VOLG101,8.2,9.46,19.4404,-70.65169,PV,,8.6,Irr.txt,TEMPPV.txt,0,,
277,8511247,153413,VOLG101,0,14.88,19.44639,-70.657,PV,,13.527,Irr.txt,TEMPPV.txt,0,,
278,8512019,153444,VOLG101,0,5.92,19.45121,-70.65173,PV,,5.382,Irr.txt,TEMPPV.txt,0,,
279,8516241,172654,VOLG101,8.2,9.46,19.45539,-70.65112,PV,,8.6,Irr.txt,TEMPPV.txt,0,,
284,8540897,153988,VOLG101,0,9.25,19.45117,-70.65505,PV,,8.409,Irr.txt,TEMPPV.txt,0,,
287,8550272,153412,VOLG101,0,5.88,19.44642,-70.65713,PV,,5.345,Irr.txt,TEMPPV.txt,0,,
288,8561313,171616,VOLG101,0,7.14,19.44496,-70.66952,PV,,6.491,Irr.txt,TEMPPV.txt,0,,
290,8573479,153404,VOLG101,0,3,19.44844,-70.66016,PV,,2.727,Irr.txt,TEMPPV.txt,0,,
291,8573511,204797,VOLG101,5,5.25,19.44056,-70.63822,PV,,4.773,Irr.txt,TEMPPV.txt,0,,
292,8580522,153433,VOLG101,11.6,12,19.45123,-70.66561,PV,,10.909,Irr.txt,TEMPPV.txt,0,,
294,8592032,152143,VOLG101,0,21,19.44934,-70.65755,PV,,19.091,Irr.txt,TEMPPV.txt,0,,
298,8610476,153412,VOLG101,7,8.14,19.44645,-70.65725,PV,,7.4,Irr.txt,TEMPPV.txt,0,,
299,8616706,102988,VOLG101,0,14.4,19.45275,-70.66639,PV,,13.091,Irr.txt,TEMPPV.txt,0,,
300,8626694,218749,VOLG101,0,10.71,19.44955,-70.66334,PV,,9.736,Irr.txt,TEMPPV.txt,0,,
301,8629407,153954,VOLG101,7.81,7,19.45689,-70.64897,PV,,6.364,Irr.txt,TEMPPV.txt,0,,
302,8629417,149834,VOLG101,0,8.52,19.45664,-70.64915,PV,,7.745,Irr.txt,TEMPPV.txt,0,,
303,8629419,149834,VOLG101,0,5.28,19.4557,-70.64941,PV,,4.8,Irr.txt,TEMPPV.txt,0,,
306,8641757,153421,VOLG101,0,11.005,19.44707,-70.65986,PV,,10.005,Irr.txt,TEMPPV.txt,0,,
307,8652013,195302,VOLG101,0,4.24,19.44513,-70.65108,PV,,3.855,Irr.txt,TEMPPV.txt,0,,
308,8656033,153408,VOLG101,0,14.2,19.44928,-70.65717,PV,,12.909,Irr.txt,TEMPPV.txt,0,,
311,8672394,153952,VOLG101,7.7,6.48,19.45574,-70.64888,PV,,5.891,Irr.txt,TEMPPV.txt,0,,
313,8675115,149834,VOLG101,10,11.34,19.45605,-70.64934,PV,,10.309,Irr.txt,TEMPPV.txt,0,,
314,8675436,149834,VOLG101,7.7,4.86,19.4557,-70.64941,PV,,4.418,Irr.txt,TEMPPV.txt,0,,
315,8675744,153955,VOLG101,7.7,6.885,19.45577,-70.64988,PV,,6.259,Irr.txt,TEMPPV.txt,0,,
316,8678483,153954,VOLG101,0,10.14,19.45675,-70.64902,PV,,9.218,Irr.txt,TEMPPV.txt,0,,
317,8680438,153955,VOLG101,8.91,7.7,19.4562,-70.64976,PV,,7,Irr.txt,TEMPPV.txt,0,,
321,8688090,212351,VOLG101,0,6.32,19.45172,-70.65913,PV,,5.745,Irr.txt,TEMPPV.txt,0,,
322,8688220,153955,VOLG101,7.7,5.67,19.45664,-70.64915,PV,,5.155,Irr.txt,TEMPPV.txt,0,,
324,8694784,215690,VOLG101,0,6.6,19.44887,-70.66739,PV,,6,Irr.txt,TEMPPV.txt,0,,
325,8696047,106737,VOLG101,0,13.5,19.45631,-70.64864,PV,,12.273,Irr.txt,TEMPPV.txt,0,,
326,8696353,149834,VOLG101,10,11.34,19.45664,-70.64915,PV,,10.309,Irr.txt,TEMPPV.txt,0,,
327,8696570,153953,VOLG101,12.7,14.93,19.45632,-70.64873,PV,,13.573,Irr.txt,TEMPPV.txt,0,,
329,8700658,153408,VOLG101,22.8,20.7,19.44917,-70.65699,PV,,18.818,Irr.txt,TEMPPV.txt,0,,
333,8730484,215686,VOLG101,0,13.92,19.4505,-70.66212,PV,,12.655,Irr.txt,TEMPPV.txt,0,,
337,8740441,153979,VOLG101,0,9.24,19.44063,-70.65252,PV,,8.4,Irr.txt,TEMPPV.txt,0,,
340,8773168,153952,VOLG101,0,6.2,19.4556,-70.64892,PV,,5.636,Irr.txt,TEMPPV.txt,0,,
342,8785845,153979,VOLG101,6,6.48,19.44071,-70.65289,PV,,5.891,Irr.txt,TEMPPV.txt,0,,
344,8788388,153987,VOLG101,0,10.14,19.45212,-70.65485,PV,,9.218,Irr.txt,TEMPPV.txt,0,,
346,8794286,153417,VOLG101,0,14.08,19.44584,-70.6576,PV,,12.8,Irr.txt,TEMPPV.txt,0,,
348,8806341,204797,VOLG101,0,11.16,19.44163,-70.63792,PV,,10.145,Irr.txt,TEMPPV.txt,0,,
350,8811500,163631,VOLG101,10,10.935,19.44505,-70.66124,PV,,9.941,Irr.txt,TEMPPV.txt,0,,
351,8826161,153415,VOLG101,0,5.52,19.44643,-70.6578,PV,,5.018,Irr.txt,TEMPPV.txt,0,,
354,8853186,206137,VOLG101,0,67.2,19.45405,-70.66428,PV,,61.091,Irr.txt,TEMPPV.txt,0,,
355,8854053,152421,VOLG101,0,10.26,19.45174,-70.65488,PV,,9.327,Irr.txt,TEMPPV.txt,0,,
359,8864556,151506,VOLG101,0,11.16,19.43955,-70.64892,PV,,10.145,Irr.txt,TEMPPV.txt,0,,
361,8870358,152341,VOLG101,0,11.56,19.45094,-70.65214,PV,,10.509,Irr.txt,TEMPPV.txt,0,,
363,8871181,153964,VOLG101,0,19.825,19.43869,-70.64791,PV,,18.023,Irr.txt,TEMPPV.txt,0,,
365,8879662,153961,VOLG101,0,9.01,19.43833,-70.64873,PV,,8.191,Irr.txt,TEMPPV.txt,0,,
366,8884289,153963,VOLG101,0,6.6,19.4402,-70.64881,PV,,6,Irr.txt,TEMPPV.txt,0,,
367,8893511,153964,VOLG101,0,9.09,19.43869,-70.6481,PV,,8.264,Irr.txt,TEMPPV.txt,0,,
368,8900678,164374,VOLG101,0,4.56,19.4576,-70.65089,PV,,4.145,Irr.txt,TEMPPV.txt,0,,
369,8934551,152996,VOLG101,0,11.34,19.45225,-70.6553,PV,,10.309,Irr.txt,TEMPPV.txt,0,,
370,8935285,152343,VOLG101,0,10.53,19.45187,-70.65542,PV,,9.573,Irr.txt,TEMPPV.txt,0,,
371,8938885,152423,VOLG101,0,7.26,19.45187,-70.65542,PV,,6.6,Irr.txt,TEMPPV.txt,0,,
373,8942888,152996,VOLG101,0,11.22,19.45228,-70.65538,PV,,10.2,Irr.txt,TEMPPV.txt,0,,
374,8942892,152996,VOLG101,0,13.86,19.45245,-70.65532,PV,,12.6,Irr.txt,TEMPPV.txt,0,,
375,8946919,153957,VOLG101,9.24,10,19.43964,-70.65158,PV,,9.091,Irr.txt,TEMPPV.txt,0,,
376,8948281,164372,VOLG101,0,8.745,19.45517,-70.64993,PV,,7.95,Irr.txt,TEMPPV.txt,0,,
377,8953320,152423,VOLG101,0,17.05,19.45187,-70.65542,PV,,15.5,Irr.txt,TEMPPV.txt,0,,
379,8957120,152451,VOLG101,0,9.18,19.44327,-70.65226,PV,,8.345,Irr.txt,TEMPPV.txt,0,,
380,8959091,162357,VOLG101,0,4.55,19.44462,-70.66445,PV,,4.136,Irr.txt,TEMPPV.txt,0,,
381,8961767,153960,VOLG101,0,8.16,19.4387,-70.64839,PV,,7.418,Irr.txt,TEMPPV.txt,0,,
382,8967188,215687,VOLG101,0,5.92,19.45077,-70.66364,PV,,5.382,Irr.txt,TEMPPV.txt,0,,
385,8968643,151506,VOLG101,0,12.39,19.43933,-70.64908,PV,,11.264,Irr.txt,TEMPPV.txt,0,,
388,8969905,153987,VOLG101,0,15,19.45212,-70.65485,PV,,13.636,Irr.txt,TEMPPV.txt,0,,
389,8974451,152421,VOLG101,0,11.78,19.45196,-70.6548,PV,,10.709,Irr.txt,TEMPPV.txt,0,,
390,8974516,152421,VOLG101,0,9.765,19.45189,-70.65489,PV,,8.877,Irr.txt,TEMPPV.txt,0,,
391,8975464,215692,VOLG101,0,22.11,19.44653,-70.66701,PV,,20.1,Irr.txt,TEMPPV.txt,0,,
393,8985363,151523,VOLG101,0,9.6,19.45283,-70.65042,PV,,8.727,Irr.txt,TEMPPV.txt,0,,
394,8990204,153966,VOLG101,0,9,19.43839,-70.64705,PV,PV1FNOV1,8.182,Irr.txt,TEMPPV.txt,496,,
